encoder,learner,scenario,metric,mean,sd,ci95,n
Transformer,IPPO,,dwell,8.080000000000002,0.40280350875664783,"[7.791851728261719, 8.368148271738285]",10
Transformer,IPPO,,depth,5.5558,0.18633410852551932,"[5.422504608648382, 5.689095391351617]",10
Transformer,IPPO,,protected,0.46160000000000007,0.027805674880418848,"[0.4417090184491174, 0.4814909815508827]",10
GRU,IPPO,,dwell,7.998399999999999,0.44128781235530745,"[7.682721715910944, 8.314078284089055]",10
GRU,IPPO,,depth,5.5046,0.23003391054364133,"[5.340043653485168, 5.669156346514832]",10
GRU,IPPO,,protected,0.483,0.0435558390013453,"[0.45184202977504123, 0.5141579702249588]",10
LSTM,IPPO,,dwell,8.1858,0.4877845152660479,"[7.83685997837888, 8.53474002162112]",10
LSTM,IPPO,,depth,5.5772,0.28020659045306795,"[5.376752280420905, 5.777647719579096]",10
LSTM,IPPO,,protected,0.46580000000000005,0.040060509787625584,"[0.4371424376667167, 0.4944575623332834]",10
Transformer,MAPPO,,dwell,8.6124,0.36944017708479476,"[8.348118417979366, 8.876681582020632]",10
Transformer,MAPPO,,depth,5.831799999999999,0.20426660139250483,"[5.685676476034714, 5.977923523965285]",10
Transformer,MAPPO,,protected,0.497,0.026486894033758576,"[0.47805241743523763, 0.5159475825647624]",10
GRU,MAPPO,,dwell,8.445200000000002,0.5791765802508861,"[8.030882033541058, 8.859517966458945]",10
GRU,MAPPO,,depth,5.746,0.35416129407689695,"[5.492648272454585, 5.999351727545416]",10
GRU,MAPPO,,protected,0.47759999999999997,0.03620681335513157,"[0.4516992060232157, 0.5035007939767843]",10
LSTM,MAPPO,,dwell,8.4566,0.3235539453561887,"[8.225143450735395, 8.688056549264605]",10
LSTM,MAPPO,,depth,5.7522,0.21681420617662478,"[5.597100460299004, 5.907299539700996]",10
LSTM,MAPPO,,protected,0.48580000000000007,0.04242064486910957,"[0.4554540987371535, 0.5161459012628467]",10
NoHistory,IPPO,,dwell,6.2623999999999995,0.35115150259934497,"[6.011201347573582, 6.513598652426417]",10
NoHistory,IPPO,,depth,4.548599999999999,0.24759115044318084,"[4.371483960673247, 4.72571603932675]",10
NoHistory,IPPO,,protected,0.36079999999999995,0.0321275236795147,"[0.33781735406412305, 0.38378264593587685]",10
NoHistory,MAPPO,,dwell,6.568400000000001,0.39741252007342587,"[6.284108209246271, 6.852691790753732]",10
NoHistory,MAPPO,,depth,4.699,0.2570883981132646,"[4.515090038964741, 4.882909961035259]",10
NoHistory,MAPPO,,protected,0.3554,0.035864560037266124,"[0.32974403929774215, 0.38105596070225783]",10
Transformer,IPPO,S1,dwell,15.556995924961422,1.0543256041770073,"[14.802776822871706, 16.311215027051137]",10
Transformer,IPPO,S1,depth,9.77537887942426,0.46074317337219983,"[9.445783068473617, 10.104974690374902]",10
Transformer,IPPO,S1,protected,0.5145473234434867,0.0654822491677481,"[0.46770414428284635, 0.5613905026041272]",10
GRU,IPPO,S1,dwell,15.571063828211384,1.1334644917523338,"[14.760232176363823, 16.381895480058947]",10
GRU,IPPO,S1,depth,9.738374377836951,0.5913252292503616,"[9.315365791418019, 10.161382964255884]",10
GRU,IPPO,S1,protected,0.5212458155229996,0.05466584614282573,"[0.48214022496399944, 0.5603514060819998]",10
LSTM,IPPO,S1,dwell,15.960243414379146,0.9101845670541793,"[15.309136598629019, 16.611350230129272]",10
LSTM,IPPO,S1,depth,9.92872716272158,0.5541210257975326,"[9.532332860173767, 10.325121465269394]",10
LSTM,IPPO,S1,protected,0.5291773935109327,0.05111523984948278,"[0.4926117536842583, 0.5657430333376071]",10
Transformer,MAPPO,S1,dwell,16.201458695535766,0.9683664808674848,"[15.508731045936702, 16.89418634513483]",10
Transformer,MAPPO,S1,depth,9.899476166475857,0.6308230787480474,"[9.448212520647765, 10.35073981230395]",10
Transformer,MAPPO,S1,protected,0.5340305210530654,0.06593570948822765,"[0.48686295592058626, 0.5811980861855445]",10
GRU,MAPPO,S1,dwell,16.508066982716212,0.9544917613607109,"[15.825264709534723, 17.1908692558977]",10
GRU,MAPPO,S1,depth,10.160487735730007,0.4983564077942571,"[9.803985037779652, 10.51699043368036]",10
GRU,MAPPO,S1,protected,0.5431439947523888,0.060626813507379036,"[0.49977418502288967, 0.5865138044818881]",10
LSTM,MAPPO,S1,dwell,16.20679273818475,1.3162099955642514,"[15.265232828150245, 17.148352648219255]",10
LSTM,MAPPO,S1,depth,10.057080396101458,0.585763204615332,"[9.638050642416372, 10.476110149786544]",10
LSTM,MAPPO,S1,protected,0.5303981969777033,0.0639661892044521,"[0.4846395417816723, 0.5761568521737342]",10
NoHistory,IPPO,S1,dwell,13.370156458109687,0.5950048504512268,"[12.94451562925336, 13.795797286966014]",10
NoHistory,IPPO,S1,depth,9.12917672453135,0.44963392676531244,"[8.807527989861075, 9.450825459201624]",10
NoHistory,IPPO,S1,protected,0.4614407078467174,0.05196203587279092,"[0.42426930663682105, 0.4986121090566138]",10
NoHistory,MAPPO,S1,dwell,14.464602416738032,1.5386904070862861,"[13.363889607878043, 15.56531522559802]",10
NoHistory,MAPPO,S1,depth,9.613176122873778,0.6444339201801821,"[9.152175867631136, 10.07417637811642]",10
NoHistory,MAPPO,S1,protected,0.49721430285577195,0.07642629547596341,"[0.44254222458928694, 0.551886381122257]",10
Transformer,IPPO,S2,dwell,10.807718878120278,1.2135165633530698,"[9.939621424015872, 11.675816332224684]",10
Transformer,IPPO,S2,depth,6.869735654016134,0.7749478964448422,"[6.315371324526876, 7.424099983505392]",10
Transformer,IPPO,S2,protected,0.6598930840952827,0.12556729838590217,"[0.5700676500308485, 0.7497185181597169]",10
GRU,IPPO,S2,dwell,10.917701342685518,1.095743752900326,"[10.133853481874057, 11.70154920349698]",10
GRU,IPPO,S2,depth,6.939613919860422,0.5908026674952789,"[6.516979151601784, 7.3622486881190605]",10
GRU,IPPO,S2,protected,0.7009250736374321,0.07627593628200116,"[0.6463605558587242, 0.7554895914161399]",10
LSTM,IPPO,S2,dwell,11.011348741608568,0.8225736537979623,"[10.422914997694674, 11.599782485522462]",10
LSTM,IPPO,S2,depth,7.002656481375668,0.5615033111561922,"[6.600981210014691, 7.4043317527366455]",10
LSTM,IPPO,S2,protected,0.6693486856328296,0.08002719290804887,"[0.6121006805206102, 0.726596690745049]",10
Transformer,MAPPO,S2,dwell,11.668128618589979,0.7953338738631339,"[11.099181039369585, 12.237076197810373]",10
Transformer,MAPPO,S2,depth,7.3213571325929765,0.5317017482370132,"[6.9410006150749535, 7.7017136501109995]",10
Transformer,MAPPO,S2,protected,0.7160529063310542,0.08735969118168463,"[0.6535595479407715, 0.7785462647213369]",10
GRU,MAPPO,S2,dwell,11.44270790025287,0.888331138279615,"[10.807234085695766, 12.078181714809974]",10
GRU,MAPPO,S2,depth,7.20082369544145,0.6717773897815843,"[6.720263100386247, 7.681384290496653]",10
GRU,MAPPO,S2,protected,0.7155902164604696,0.08348011844648937,"[0.6558721372185243, 0.7753082957024149]",10
LSTM,MAPPO,S2,dwell,11.452452009498145,0.8381366093665291,"[10.852885197840962, 12.052018821155329]",10
LSTM,MAPPO,S2,depth,7.143835320922262,0.6194351807163639,"[6.700718086595625, 7.586952555248899]",10
LSTM,MAPPO,S2,protected,0.7126534997854118,0.0968891803025943,"[0.6433431555421141, 0.7819638440287096]",10
NoHistory,IPPO,S2,dwell,9.19787762848306,0.6759378672624404,"[8.71434080712979, 9.681414449836328]",10
NoHistory,IPPO,S2,depth,5.932242701017684,0.6054367531328229,"[5.499139338535663, 6.365346063499706]",10
NoHistory,IPPO,S2,protected,0.5282770822602602,0.06399924434172416,"[0.4824947808435038, 0.5740593836770165]",10
NoHistory,MAPPO,S2,dwell,9.354772114413187,0.8739754788250006,"[8.729567719986704, 9.97997650883967]",10
NoHistory,MAPPO,S2,depth,5.978441632889501,0.541263420858746,"[5.59124510682889, 6.365638158950111]",10
NoHistory,MAPPO,S2,protected,0.5346217683359589,0.0823085207133779,"[0.4757417996234145, 0.5935017370485033]",10
Transformer,IPPO,S3,dwell,8.625811902871911,0.7295178642912071,"[8.103946260622227, 9.147677545121596]",10
Transformer,IPPO,S3,depth,6.7027566863324655,0.5739675908667663,"[6.29216500640258, 7.113348366262351]",10
Transformer,IPPO,S3,protected,0.37782228927372735,0.0570688420361929,"[0.3369976990073878, 0.4186468795400669]",10
GRU,IPPO,S3,dwell,8.24134670097953,1.4758862793502667,"[7.185561258618968, 9.297132143340093]",10
GRU,IPPO,S3,depth,6.392680570688974,1.0197156991195369,"[5.663219903197109, 7.122141238180839]",10
GRU,IPPO,S3,protected,0.3538057725710688,0.10948340242070795,"[0.27548606456025004, 0.4321254805818876]",10
LSTM,IPPO,S3,dwell,8.309289798334998,0.9615343646158502,"[7.621449550278935, 8.997130046391062]",10
LSTM,IPPO,S3,depth,6.568260842248733,0.7199840823971227,"[6.0532152567169994, 7.083306427780467]",10
LSTM,IPPO,S3,protected,0.35191963143465843,0.0996505421953524,"[0.280633927891492, 0.42320533497782487]",10
Transformer,MAPPO,S3,dwell,9.167635650790329,1.5617243232050972,"[8.0504453709632, 10.284825930617458]",10
Transformer,MAPPO,S3,depth,7.136553055692763,1.099956037696157,"[6.349691907862689, 7.923414203522838]",10
Transformer,MAPPO,S3,protected,0.4161197824696843,0.0840864969082984,"[0.3559679262074521, 0.47627163873191647]",10
GRU,MAPPO,S3,dwell,8.670612330535501,1.3805083166631447,"[7.683056172460583, 9.65816848861042]",10
GRU,MAPPO,S3,depth,6.838369625885614,1.1836941367304,"[5.991605850618538, 7.685133401152689]",10
GRU,MAPPO,S3,protected,0.3888360532509973,0.12154523537382739,"[0.3018878297385, 0.4757842767634946]",10
LSTM,MAPPO,S3,dwell,8.860297249462628,0.9193224875753561,"[8.202653559161465, 9.51794093976379]",10
LSTM,MAPPO,S3,depth,6.89954873765506,0.7434300238138845,"[6.367730936013862, 7.431366539296258]",10
LSTM,MAPPO,S3,protected,0.4159207466402268,0.08335528220448005,"[0.3562919698661184, 0.47554952341433526]",10
NoHistory,IPPO,S3,dwell,4.10962520817593,0.984653290548833,"[3.405246676795083, 4.814003739556777]",10
NoHistory,IPPO,S3,depth,3.4734311878650446,0.8095703683265635,"[2.8942994340134227, 4.052562941716666]",10
NoHistory,IPPO,S3,protected,0.18374026338478427,0.07036820979521324,"[0.1334018785469859, 0.23407864822258265]",10
NoHistory,MAPPO,S3,dwell,4.854342295854471,1.528146877711063,"[3.761171873546353, 5.947512718162589]",10
NoHistory,MAPPO,S3,depth,4.067293223687952,1.2685786699491954,"[3.1598067113727146, 4.974779736003189]",10
NoHistory,MAPPO,S3,protected,0.2103076699236662,0.13874371248236167,"[0.11105639703940048, 0.30955894280793195]",10
Transformer,IPPO,S4,dwell,6.792198286643367,0.8964944432908466,"[6.150884795470933, 7.4335117778158]",10
Transformer,IPPO,S4,depth,5.008053837753266,0.4838494360041037,"[4.661928802257719, 5.354178873248813]",10
Transformer,IPPO,S4,protected,0.40984960501536005,0.07916404772941556,"[0.3532190567675313, 0.4664801532631888]",10
GRU,IPPO,S4,dwell,6.868708823012213,0.7165613624135514,"[6.3561117038579305, 7.381305942166495]",10
GRU,IPPO,S4,depth,5.046759765511191,0.5082110011568315,"[4.683207516143386, 5.410312014878996]",10
GRU,IPPO,S4,protected,0.43208033822937164,0.06842835858032448,"[0.38312963935469957, 0.4810310371040437]",10
LSTM,IPPO,S4,dwell,6.719861180034269,0.4724561102245249,"[6.3818864388171175, 7.057835921251421]",10
LSTM,IPPO,S4,depth,4.965803173717665,0.3475661046548038,"[4.717169360471528, 5.214436986963802]",10
LSTM,IPPO,S4,protected,0.41036942444994784,0.0578699505684049,"[0.3689717556626584, 0.4517670932372373]",10
Transformer,MAPPO,S4,dwell,6.799988923324539,0.9357096918589263,"[6.130622533269574, 7.469355313379505]",10
Transformer,MAPPO,S4,depth,5.024363070122564,0.5355797467620447,"[4.641232399578316, 5.407493740666812]",10
Transformer,MAPPO,S4,protected,0.3969717142947802,0.09197638187364698,"[0.33117577433527173, 0.4627676542542886]",10
GRU,MAPPO,S4,dwell,6.866481689180041,0.7457977257958394,"[6.332970135574771, 7.399993242785311]",10
GRU,MAPPO,S4,depth,5.110543308978042,0.4631314263369408,"[4.779239044775867, 5.441847573180217]",10
GRU,MAPPO,S4,protected,0.41333487908447725,0.08576940556077361,"[0.3519791424955791, 0.4746906156733754]",10
LSTM,MAPPO,S4,dwell,6.980353983152365,0.6149626471248328,"[6.540436206617615, 7.420271759687115]",10
LSTM,MAPPO,S4,depth,5.178193537305087,0.48500851088659475,"[4.831239349587813, 5.525147725022361]",10
LSTM,MAPPO,S4,protected,0.4197141877078555,0.07136492151167276,"[0.368662798260426, 0.47076557715528505]",10
NoHistory,IPPO,S4,dwell,5.668923570429621,0.7502388540024022,"[5.132235025091486, 6.205612115767757]",10
NoHistory,IPPO,S4,depth,4.431631844838423,0.44507040351187854,"[4.11324765804305, 4.750016031633796]",10
NoHistory,IPPO,S4,protected,0.28143336138314734,0.10713496759996304,"[0.2047936224395704, 0.3580731003267243]",10
NoHistory,MAPPO,S4,dwell,6.050374258701043,0.5951026177565122,"[5.624663491327702, 6.476085026074385]",10
NoHistory,MAPPO,S4,depth,4.650316046829677,0.35737348835237853,"[4.394666453925976, 4.905965639733378]",10
NoHistory,MAPPO,S4,protected,0.29012670840377097,0.07928743358727698,"[0.23340789523042196, 0.34684552157712]",10
Transformer,IPPO,S5,dwell,1.1404143472794748,0.41535607067656527,"[0.8432865136841543, 1.4375421808747952]",10
Transformer,IPPO,S5,depth,1.0733211759890349,0.36648128723958345,"[0.81115625625318, 1.3354860957248897]",10
Transformer,IPPO,S5,protected,0.5677109533394231,0.09408969182885718,"[0.5004032425089985, 0.6350186641698478]",10
GRU,IPPO,S5,dwell,1.438561239331141,0.5403512475431423,"[1.0520172427512902, 1.825105235910992]",10
GRU,IPPO,S5,depth,1.3378855484819259,0.4629950922441284,"[1.0066788118145638, 1.669092285149288]",10
GRU,IPPO,S5,protected,0.6642751517362497,0.16031741886247725,"[0.549590979005585, 0.7789593244669145]",10
LSTM,IPPO,S5,dwell,1.1115304012156442,0.477587567965063,"[0.7698848362661022, 1.4531759661651862]",10
LSTM,IPPO,S5,depth,1.0513869027487903,0.4214440168768929,"[0.7499040147958875, 1.352869790701693]",10
LSTM,IPPO,S5,protected,0.5484203766153597,0.14814832608989437,"[0.4424414484389598, 0.6543993047917597]",10
Transformer,MAPPO,S5,dwell,1.306680872716336,0.4858275485975333,"[0.9591407807162918, 1.6542209647163801]",10
Transformer,MAPPO,S5,depth,1.2089932593990071,0.3986121263404039,"[0.9238433220177482, 1.494143196780266]",10
Transformer,MAPPO,S5,protected,0.606041850274551,0.14567617937783692,"[0.5018313893211941, 0.710252311227908]",10
GRU,MAPPO,S5,dwell,1.0485896068413985,0.5170658616508981,"[0.6787029718677563, 1.4184762418150405]",10
GRU,MAPPO,S5,depth,0.9919907499660254,0.44591299922845606,"[0.6730038065058577, 1.3109776934261932]",10
GRU,MAPPO,S5,protected,0.5253800165323369,0.1563775035752499,"[0.41351428941132956, 0.6372457436533442]",10
LSTM,MAPPO,S5,dwell,1.0468968333508364,0.3962170590471716,"[0.7634602238980556, 1.3303334428036173]",10
LSTM,MAPPO,S5,depth,0.9978155887635586,0.33716390547689445,"[0.7566230605366218, 1.2390081169904954]",10
LSTM,MAPPO,S5,protected,0.5301454178697074,0.13237425678783896,"[0.43545057910379265, 0.6248402566356221]",10
NoHistory,IPPO,S5,dwell,0.8918636571032236,0.4184623962077934,"[0.592513692086946, 1.191213622119501]",10
NoHistory,IPPO,S5,depth,0.8594417066354281,0.3650413765814863,"[0.5983068369328238, 1.1205765763380322]",10
NoHistory,IPPO,S5,protected,0.4836614720378819,0.14012976972792032,"[0.3834186735309351, 0.5839042705448287]",10
NoHistory,MAPPO,S5,dwell,0.6999857813873143,0.10154739368280183,"[0.6273431520330002, 0.7726284107416284]",10
NoHistory,MAPPO,S5,depth,0.6904070802372486,0.09746806523605281,"[0.620682626659039, 0.7601315338154583]",10
NoHistory,MAPPO,S5,protected,0.4098352972917446,0.03764761605577198,"[0.38290381515291605, 0.4367667794305732]",10
Transformer,IPPO,S6,dwell,8.382597436207522,1.3092253331098997,"[7.4460340526956115, 9.319160819719432]",10
Transformer,IPPO,S6,depth,4.391725750505958,0.5361853055268736,"[4.008161889317318, 4.775289611694598]",10
Transformer,IPPO,S6,protected,0.3376127294222162,0.08388124328090699,"[0.277607702759814, 0.3976177560846184]",10
GRU,IPPO,S6,dwell,7.786809057016401,1.5392241028792861,"[6.685714465185203, 8.8879036488476]",10
GRU,IPPO,S6,depth,4.095847333536297,0.5624036606680671,"[3.6935279909342134, 4.498166676138381]",10
GRU,IPPO,S6,protected,0.319860985242892,0.07619804127439164,"[0.26535219019581824, 0.3743697802899658]",10
LSTM,IPPO,S6,dwell,9.148215673928352,1.262098571811964,"[8.24536474456695, 10.051066603289753]",10
LSTM,IPPO,S6,depth,4.635579376150564,0.5414658228340984,"[4.248238060439103, 5.022920691862025]",10
LSTM,IPPO,S6,protected,0.3694246393856955,0.07284763179287362,"[0.3173125828990552, 0.4215366958723358]",10
Transformer,MAPPO,S6,dwell,9.661192052179876,1.530745215807516,"[8.566162890770414, 10.756221213589338]",10
Transformer,MAPPO,S6,depth,4.960059507593151,0.6350391184167247,"[4.505779888672224, 5.4143391265140774]",10
Transformer,MAPPO,S6,protected,0.43398373842998766,0.08058005594329211,"[0.37634023892745117, 0.49162723793252416]",10
GRU,MAPPO,S6,dwell,9.17069225629923,1.726675811495095,"[7.935502790173712, 10.405881722424748]",10
GRU,MAPPO,S6,depth,4.701218092872076,0.8381593168920217,"[4.1016350372297135, 5.300801148514439]",10
GRU,MAPPO,S6,protected,0.3851015229329203,0.11469390379739755,"[0.30305444677871696, 0.4671485990871237]",10
LSTM,MAPPO,S6,dwell,9.084143379421734,1.5126868314520154,"[8.002032407971653, 10.166254350871816]",10
LSTM,MAPPO,S6,depth,4.629505659491314,0.5945141096576113,"[4.204215885450741, 5.054795433531887]",10
LSTM,MAPPO,S6,protected,0.393837026834898,0.09292855694164802,"[0.32735994186480194, 0.4603141118049941]",10
NoHistory,IPPO,S6,dwell,6.404899029592879,1.5205649482020418,"[5.317152392919622, 7.492645666266135]",10
NoHistory,IPPO,S6,depth,3.8870993335511037,0.7537953885527106,"[3.3478665966610817, 4.426332070441125]",10
NoHistory,IPPO,S6,protected,0.31747863002152427,0.07786247061475404,"[0.261779173951322, 0.37317808609172654]",10
NoHistory,MAPPO,S6,dwell,6.272782407410759,0.6946472877176747,"[5.775861672928129, 6.769703141893388]",10
NoHistory,MAPPO,S6,depth,3.671592662675753,0.2650984654279885,"[3.481952644669616, 3.8612326806818897]",10
NoHistory,MAPPO,S6,protected,0.27601349209155257,0.06226932236448948,"[0.23146870230800146, 0.32055828187510366]",10
Transformer,IPPO,S7,dwell,5.277443112724154,0.5857954246962299,"[4.858390310181687, 5.696495915266621]",10
Transformer,IPPO,S7,depth,5.001285094810417,0.5331704116424509,"[4.619877958782768, 5.382692230838066]",10
Transformer,IPPO,S7,protected,0.36336824338582335,0.054529282596385224,"[0.3243603445028732, 0.4023761422687735]",10
GRU,IPPO,S7,dwell,5.239916328064282,0.30215873261744425,"[5.023764991987051, 5.456067664141514]",10
GRU,IPPO,S7,depth,4.960242120209193,0.2665575400421167,"[4.7695583431015125, 5.150925897316873]",10
GRU,IPPO,S7,protected,0.3977905319517654,0.047649781840344435,"[0.3637039314442794, 0.43187713245925136]",10
LSTM,IPPO,S7,dwell,5.094322256723759,0.48114455597574235,"[4.750132175836322, 5.438512337611195]",10
LSTM,IPPO,S7,depth,4.833065489149673,0.4216667002253111,"[4.531423303125635, 5.134707675173711]",10
LSTM,IPPO,S7,protected,0.38446678059703615,0.06807585519991222,"[0.33576824744991995, 0.43316531374415235]",10
Transformer,MAPPO,S7,dwell,5.50635074451493,0.528972272157608,"[5.127946776559991, 5.884754712469869]",10
Transformer,MAPPO,S7,depth,5.207960329975187,0.48783454954311867,"[4.858984515988428, 5.556936143961945]",10
Transformer,MAPPO,S7,protected,0.3851430353756772,0.05792257488320151,"[0.343707721421376, 0.42657834932997835]",10
GRU,MAPPO,S7,dwell,5.411925386561071,0.5378332972914128,"[5.027182623082686, 5.796668150039457]",10
GRU,MAPPO,S7,depth,5.129088972654776,0.49959484933258186,"[4.771700346997339, 5.486477598312212]",10
GRU,MAPPO,S7,protected,0.3771591819478976,0.05818732088121567,"[0.3355344801155889, 0.4187838837802063]",10
LSTM,MAPPO,S7,dwell,5.648843148856024,0.4452726348446802,"[5.330314294480128, 5.96737200323192]",10
LSTM,MAPPO,S7,depth,5.331576890721791,0.3869231496980029,"[5.054788743505403, 5.608365037938178]",10
LSTM,MAPPO,S7,protected,0.4059790846986394,0.044765596296055095,"[0.3739557062383616, 0.4380024631589172]",10
NoHistory,IPPO,S7,dwell,4.427390661098579,0.3080600088706704,"[4.207017806299561, 4.647763515897598]",10
NoHistory,IPPO,S7,depth,4.230549720269537,0.27456800443079565,"[4.034135602141384, 4.426963838397691]",10
NoHistory,IPPO,S7,protected,0.2849116194797512,0.03730835521070322,"[0.258222829929368, 0.31160040903013436]",10
NoHistory,MAPPO,S7,dwell,4.525226529651475,0.34809052546331315,"[4.276217568358336, 4.774235490944613]",10
NoHistory,MAPPO,S7,depth,4.336219499841973,0.31488338936062193,"[4.110965492687402, 4.561473506996544]",10
NoHistory,MAPPO,S7,protected,0.2829944673840813,0.04936196148551604,"[0.24768304734315943, 0.31830588742500315]",10
